{"loss": 0.5516932764446317, "accuracy": 0.8923333333333333}